Area,Area Type,Year,Residential,Commercial
CAPE BRETON MUN-Suburban,Cape Breton Regional,2009/2010,1.61,4.49
CAPE BRETON MUN-Suburban,Cape Breton Regional,2010/2011,1.61,4.7
CAPE BRETON MUN-Suburban,Cape Breton Regional,2011/2012,1.62,4.72
CAPE BRETON MUN-Suburban,Cape Breton Regional,2012/2013,1.64,4.74
CAPE BRETON MUN-Suburban,Cape Breton Regional,2013/2014,1.66,4.76
CAPE BRETON MUN-Suburban,Cape Breton Regional,2014/2015,1.92,5.05
CAPE BRETON MUN-Suburban,Cape Breton Regional,2015/2016,1.92,5.05
CAPE BRETON MUN-Suburban,Cape Breton Regional,2016/2017,1.67,4.85
CAPE BRETON MUN-Suburban,Cape Breton Regional,2017/2018,1.665,4.854
CAPE BRETON MUN-Suburban,Cape Breton Regional,2018/2019,1.665,4.854
CAPE BRETON MUN-Suburban,Cape Breton Regional,2019/2020,1.665,4.854
CAPE BRETON MUN-Suburban,Cape Breton Regional,2020/2021,1.665,4.854
CAPE BRETON MUN-Suburban,Cape Breton Regional,2021/2022,1.665,4.854
CAPE BRETON MUN-Suburban,Cape Breton Regional,2022/2023,1.58958,4.61636
CAPE BRETON MUN-Suburban,Cape Breton Regional,2023/2024,1.8739,4.8729
CITY OF SYDNEY,Cape Breton Regional,2009/2010,2.19,5.31
CITY OF SYDNEY,Cape Breton Regional,2010/2011,2.19,5.56
CITY OF SYDNEY,Cape Breton Regional,2011/2012,2.22,5.59
CITY OF SYDNEY,Cape Breton Regional,2012/2013,2.25,5.62
CITY OF SYDNEY,Cape Breton Regional,2013/2014,2.28,5.65
CITY OF SYDNEY,Cape Breton Regional,2014/2015,2.26,5.63
CITY OF SYDNEY,Cape Breton Regional,2015/2016,2.26,5.63
CITY OF SYDNEY,Cape Breton Regional,2016/2017,2.256,5.627
CITY OF SYDNEY,Cape Breton Regional,2017/2018,2.266,5.457
CITY OF SYDNEY,Cape Breton Regional,2018/2019,2.266,5.457
CITY OF SYDNEY,Cape Breton Regional,2019/2020,2.266,5.457
CITY OF SYDNEY,Cape Breton Regional,2020/2021,2.266,5.457
CITY OF SYDNEY,Cape Breton Regional,2021/2022,2.266,5.457
CITY OF SYDNEY,Cape Breton Regional,2022/2023,2.19058,5.21936
CITY OF SYDNEY,Cape Breton Regional,2023/2024,2.2154,5.556
DOMINION,Cape Breton Regional,2009/2010,1.99,4.67
DOMINION,Cape Breton Regional,2010/2011,1.99,4.89
DOMINION,Cape Breton Regional,2011/2012,2.02,4.92
DOMINION,Cape Breton Regional,2012/2013,2.05,4.95
DOMINION,Cape Breton Regional,2013/2014,2.08,4.98
DOMINION,Cape Breton Regional,2014/2015,2.06,5.19
DOMINION,Cape Breton Regional,2015/2016,2.06,5.19
DOMINION,Cape Breton Regional,2016/2017,2.07,5.2
DOMINION,Cape Breton Regional,2017/2018,2.066,5.203
DOMINION,Cape Breton Regional,2018/2019,2.066,5.203
DOMINION,Cape Breton Regional,2019/2020,2.066,5.203
DOMINION,Cape Breton Regional,2020/2021,2.066,5.203
DOMINION,Cape Breton Regional,2021/2022,2.066,5.203
DOMINION,Cape Breton Regional,2022/2023,1.99058,4.96536
DOMINION,Cape Breton Regional,2023/2024,2.0154,5.084
GLACE BAY,Cape Breton Regional,2009/2010,2.01,4.67
GLACE BAY,Cape Breton Regional,2010/2011,2.01,4.89
GLACE BAY,Cape Breton Regional,2011/2012,2.04,4.92
GLACE BAY,Cape Breton Regional,2012/2013,2.08,4.95
GLACE BAY,Cape Breton Regional,2013/2014,2.1,4.98
GLACE BAY,Cape Breton Regional,2014/2015,2.08,5.22
GLACE BAY,Cape Breton Regional,2015/2016,2.08,5.22
GLACE BAY,Cape Breton Regional,2016/2017,2.09,5.23
GLACE BAY,Cape Breton Regional,2017/2018,2.094,5.23
GLACE BAY,Cape Breton Regional,2018/2019,2.094,5.203
GLACE BAY,Cape Breton Regional,2019/2020,2.094,5.203
GLACE BAY,Cape Breton Regional,2020/2021,2.094,5.203
GLACE BAY,Cape Breton Regional,2021/2022,2.094,5.203
GLACE BAY,Cape Breton Regional,2022/2023,2.01858,4.96536
GLACE BAY,Cape Breton Regional,2023/2024,2.0418,5.11
LOUISBOURG,Cape Breton Regional,2009/2010,1.94,4.67
LOUISBOURG,Cape Breton Regional,2010/2011,1.94,4.89
LOUISBOURG,Cape Breton Regional,2011/2012,1.97,4.92
LOUISBOURG,Cape Breton Regional,2012/2013,2,4.95
LOUISBOURG,Cape Breton Regional,2013/2014,2.03,4.98
LOUISBOURG,Cape Breton Regional,2014/2015,2.01,5.25
LOUISBOURG,Cape Breton Regional,2015/2016,2.01,5.25
LOUISBOURG,Cape Breton Regional,2016/2017,2.02,5.26
LOUISBOURG,Cape Breton Regional,2017/2018,2.016,5.259
LOUISBOURG,Cape Breton Regional,2018/2019,2.016,5.259
LOUISBOURG,Cape Breton Regional,2019/2020,2.016,5.259
LOUISBOURG,Cape Breton Regional,2020/2021,2.016,5.259
LOUISBOURG,Cape Breton Regional,2021/2022,2.016,5.259
LOUISBOURG,Cape Breton Regional,2022/2023,1.94058,5.02136
LOUISBOURG,Cape Breton Regional,2023/2024,2.0713,5.14
NEW WATERFORD,Cape Breton Regional,2009/2010,2,4.67
NEW WATERFORD,Cape Breton Regional,2010/2011,2,4.89
NEW WATERFORD,Cape Breton Regional,2011/2012,2.03,4.92
NEW WATERFORD,Cape Breton Regional,2012/2013,2.06,4.95
NEW WATERFORD,Cape Breton Regional,2013/2014,2.09,4.98
NEW WATERFORD,Cape Breton Regional,2014/2015,2.07,5.22
NEW WATERFORD,Cape Breton Regional,2015/2016,2.07,5.22
NEW WATERFORD,Cape Breton Regional,2016/2017,2.07,5.216
NEW WATERFORD,Cape Breton Regional,2017/2018,2.08,5.226
NEW WATERFORD,Cape Breton Regional,2018/2019,2.08,5.226
NEW WATERFORD,Cape Breton Regional,2019/2020,2.08,5.226
NEW WATERFORD,Cape Breton Regional,2020/2021,2.08,5.226
NEW WATERFORD,Cape Breton Regional,2021/2022,2.08,5.226
NEW WATERFORD,Cape Breton Regional,2022/2023,2.00458,4.98836
NEW WATERFORD,Cape Breton Regional,2023/2024,2.0286,5.097
NORTH SYDNEY,Cape Breton Regional,2009/2010,2.03,4.67
NORTH SYDNEY,Cape Breton Regional,2010/2011,2.03,4.89
NORTH SYDNEY,Cape Breton Regional,2011/2012,2.06,4.92
NORTH SYDNEY,Cape Breton Regional,2012/2013,2.09,4.95
NORTH SYDNEY,Cape Breton Regional,2013/2014,2.12,4.98
NORTH SYDNEY,Cape Breton Regional,2014/2015,2.1,5.23
NORTH SYDNEY,Cape Breton Regional,2015/2016,2.1,5.23
NORTH SYDNEY,Cape Breton Regional,2016/2017,2.096,5.232
NORTH SYDNEY,Cape Breton Regional,2017/2018,2.106,5.242
NORTH SYDNEY,Cape Breton Regional,2018/2019,2.106,5.242
NORTH SYDNEY,Cape Breton Regional,2019/2020,2.106,5.242
NORTH SYDNEY,Cape Breton Regional,2020/2021,2.106,5.242
NORTH SYDNEY,Cape Breton Regional,2021/2022,2.106,5.242
NORTH SYDNEY,Cape Breton Regional,2022/2023,2.03058,5.00436
NORTH SYDNEY,Cape Breton Regional,2023/2024,2.054,5.422
SYDNEY MINES,Cape Breton Regional,2009/2010,1.91,4.67
SYDNEY MINES,Cape Breton Regional,2010/2011,1.91,4.89
SYDNEY MINES,Cape Breton Regional,2011/2012,1.94,4.92
SYDNEY MINES,Cape Breton Regional,2012/2013,1.97,4.95
SYDNEY MINES,Cape Breton Regional,2013/2014,2,4.98
SYDNEY MINES,Cape Breton Regional,2014/2015,1.98,5.12
SYDNEY MINES,Cape Breton Regional,2015/2016,1.98,5.12
SYDNEY MINES,Cape Breton Regional,2016/2017,1.981,5.117
SYDNEY MINES,Cape Breton Regional,2017/2018,1.991,5.127
SYDNEY MINES,Cape Breton Regional,2018/2019,1.991,5.127
SYDNEY MINES,Cape Breton Regional,2019/2020,1.991,5.127
SYDNEY MINES,Cape Breton Regional,2020/2021,1.991,5.127
SYDNEY MINES,Cape Breton Regional,2021/2022,1.991,5.127
SYDNEY MINES,Cape Breton Regional,2022/2023,1.91558,4.88936
SYDNEY MINES,Cape Breton Regional,2023/2024,1.939,5.007
BEDFORD,Halifax Regional,2009/2010,1.28,3.71
BEDFORD,Halifax Regional,2010/2011,1.31,3.84
BEDFORD,Halifax Regional,2011/2012,1.28,3.8
BEDFORD,Halifax Regional,2012/2013,1.24,3.61
BEDFORD,Halifax Regional,2013/2014,1.21,3.55
BEDFORD,Halifax Regional,2014/2015,1.21,3.4
BEDFORD,Halifax Regional,2015/2016,1.21,3.36
BEDFORD,Halifax Regional,2016/2017,1.21,3.29
BEDFORD,Halifax Regional,2017/2018,1.198,3.318
BEDFORD,Halifax Regional,2018/2019,1.2055,3.3735
BEDFORD,Halifax Regional,2019/2020,1.196,3.432
BEDFORD,Halifax Regional,2020/2021,1.196,3.441
BEDFORD,Halifax Regional,2021/2022,1.189,3.394
BEDFORD,Halifax Regional,2022/2023,1.154,3.53
BEDFORD,Halifax Regional,2023/2024,1.115,3.553
COUNTY RURAL,Halifax Regional,2009/2010,1.23,3.22
COUNTY RURAL,Halifax Regional,2010/2011,1.24,3.39
COUNTY RURAL,Halifax Regional,2011/2012,1.22,3.37
COUNTY RURAL,Halifax Regional,2012/2013,1.17,3.17
COUNTY RURAL,Halifax Regional,2013/2014,1.16,3.2
COUNTY RURAL,Halifax Regional,2014/2015,1.15,3
COUNTY RURAL,Halifax Regional,2015/2016,1.16,2.98
COUNTY RURAL,Halifax Regional,2016/2017,1.16,2.93
COUNTY RURAL,Halifax Regional,2017/2018,1.152,2.955
COUNTY RURAL,Halifax Regional,2018/2019,1.1595,3.004
COUNTY RURAL,Halifax Regional,2019/2020,1.15,3.054
COUNTY RURAL,Halifax Regional,2020/2021,1.051,3.059
COUNTY RURAL,Halifax Regional,2021/2022,1.143,3.057
COUNTY RURAL,Halifax Regional,2022/2023,1.01,3.137
COUNTY RURAL,Halifax Regional,2023/2024,0.968,3.108
COUNTY SUBURBAN,Halifax Regional,2009/2010,1.25,3.67
COUNTY SUBURBAN,Halifax Regional,2010/2011,1.27,3.83
COUNTY SUBURBAN,Halifax Regional,2011/2012,1.25,3.78
COUNTY SUBURBAN,Halifax Regional,2012/2013,1.21,3.6
COUNTY SUBURBAN,Halifax Regional,2013/2014,,
COUNTY SUBURBAN,Halifax Regional,2014/2015,1.18,3.4
COUNTY SUBURBAN,Halifax Regional,2015/2016,1.18,3.36
COUNTY SUBURBAN,Halifax Regional,2016/2017,1.18,3.29
COUNTY SUBURBAN,Halifax Regional,2017/2018,1.165,3.318
COUNTY SUBURBAN,Halifax Regional,2018/2019,1.1725,3.3735
COUNTY SUBURBAN,Halifax Regional,2019/2020,1.163,3.432
COUNTY SUBURBAN,Halifax Regional,2020/2021,1.065,3.441
COUNTY SUBURBAN,Halifax Regional,2021/2022,1.156,3.394
COUNTY SUBURBAN,Halifax Regional,2022/2023,1.121,3.53
COUNTY SUBURBAN,Halifax Regional,2023/2024,0.979,3.553
COUNTY URBAN,Halifax Regional,2009/2010,1.28,3.69
COUNTY URBAN,Halifax Regional,2010/2011,1.31,3.84
COUNTY URBAN,Halifax Regional,2011/2012,1.28,3.8
COUNTY URBAN,Halifax Regional,2012/2013,1.24,3.61
COUNTY URBAN,Halifax Regional,2013/2014,1.21,3.55
COUNTY URBAN,Halifax Regional,2014/2015,1.21,3.4
COUNTY URBAN,Halifax Regional,2015/2016,1.21,3.36
COUNTY URBAN,Halifax Regional,2016/2017,1.21,3.29
COUNTY URBAN,Halifax Regional,2017/2018,1.198,3.318
COUNTY URBAN,Halifax Regional,2018/2019,1.2055,3.3735
COUNTY URBAN,Halifax Regional,2019/2020,1.196,3.432
COUNTY URBAN,Halifax Regional,2020/2021,1.196,3.441
COUNTY URBAN,Halifax Regional,2021/2022,1.189,3.394
COUNTY URBAN,Halifax Regional,2022/2023,1.154,3.53
COUNTY URBAN,Halifax Regional,2023/2024,1.115,3.553
DARTMOUTH,Halifax Regional,2009/2010,1.29,3.71
DARTMOUTH,Halifax Regional,2010/2011,1.31,3.84
DARTMOUTH,Halifax Regional,2011/2012,1.28,3.8
DARTMOUTH,Halifax Regional,2012/2013,1.24,3.61
DARTMOUTH,Halifax Regional,2013/2014,1.21,3.55
DARTMOUTH,Halifax Regional,2014/2015,1.21,3.4
DARTMOUTH,Halifax Regional,2015/2016,1.21,3.36
DARTMOUTH,Halifax Regional,2016/2017,1.21,3.29
DARTMOUTH,Halifax Regional,2017/2018,1.198,3.318
DARTMOUTH,Halifax Regional,2018/2019,1.2055,3.3735
DARTMOUTH,Halifax Regional,2019/2020,1.196,3.432
DARTMOUTH,Halifax Regional,2020/2021,1.196,3.441
DARTMOUTH,Halifax Regional,2021/2022,1.189,3.394
DARTMOUTH,Halifax Regional,2022/2023,1.154,3.53
DARTMOUTH,Halifax Regional,2023/2024,1.115,3.533
HALIFAX,Halifax Regional,2009/2010,1.27,3.69
HALIFAX,Halifax Regional,2010/2011,1.29,3.83
HALIFAX,Halifax Regional,2011/2012,1.27,3.78
HALIFAX,Halifax Regional,2012/2013,1.22,3.6
HALIFAX,Halifax Regional,2017/2018,1.198,3.318
HALIFAX,Halifax Regional,2018/2019,1.2055,3.3735
HALIFAX,Halifax Regional,2019/2020,1.196,3.432
HALIFAX,Halifax Regional,2020/2021,1.196,3.441
HALIFAX,Halifax Regional,2021/2022,1.189,3.394
HALIFAX,Halifax Regional,2022/2023,1.154,3.53
HALIFAX,Halifax Regional,2023/2024,1.115,3.533
HALIFAX URBAN CORE,Halifax Regional,2009/2010,1.29,3.71
HALIFAX URBAN CORE,Halifax Regional,2010/2011,1.31,3.84
HALIFAX URBAN CORE,Halifax Regional,2011/2012,1.28,3.8
HALIFAX URBAN CORE,Halifax Regional,2012/2013,1.24,3.61
HALIFAX URBAN CORE,Halifax Regional,2013/2014,1.21,3.55
HALIFAX URBAN CORE,Halifax Regional,2014/2015,1.21,3.4
HALIFAX URBAN CORE,Halifax Regional,2015/2016,1.21,3.36
HALIFAX URBAN CORE,Halifax Regional,2016/2017,1.21,3.29
LIVERPOOL,Region of Queens,2009/2010,1.85,2.96
LIVERPOOL,Region of Queens,2010/2011,1.87,3.01
LIVERPOOL,Region of Queens,2011/2012,1.81,2.95
LIVERPOOL,Region of Queens,2012/2013,1.84,2.98
LIVERPOOL,Region of Queens,2013/2014,1.86,2.96
LIVERPOOL,Region of Queens,2014/2015,1.85,2.95
LIVERPOOL,Region of Queens,2015/2016,1.87,2.95
LIVERPOOL,Region of Queens,2016/2017,1.9,3
LIVERPOOL,Region of Queens,2017/2018,1.9,3
LIVERPOOL,Region of Queens,2018/2019,1.92,3.02
LIVERPOOL,Region of Queens,2019/2020,1.92,3.02
LIVERPOOL,Region of Queens,2020/2021,1.92,3.02
LIVERPOOL,Region of Queens,2021/2022,1.96,3.06
LIVERPOOL,Region of Queens,2022/2023,1.93,3
LIVERPOOL,Region of Queens,2023/2024,1.93,3
QUEENS COUNTY,Region of Queens,2009/2010,0.88,1.99
QUEENS COUNTY,Region of Queens,2010/2011,0.9,2.04
QUEENS COUNTY,Region of Queens,2011/2012,0.9,2.04
QUEENS COUNTY,Region of Queens,2012/2013,0.93,2.07
QUEENS COUNTY,Region of Queens,2013/2014,0.97,2.07
QUEENS COUNTY,Region of Queens,2014/2015,0.97,2.07
QUEENS COUNTY,Region of Queens,2015/2016,0.99,2.07
QUEENS COUNTY,Region of Queens,2016/2017,1.02,2.12
QUEENS COUNTY,Region of Queens,2017/2018,1.02,2.12
QUEENS COUNTY,Region of Queens,2018/2019,1.04,2.14
QUEENS COUNTY,Region of Queens,2019/2020,1.03,2.13
QUEENS COUNTY,Region of Queens,2020/2021,1.03,2.13
QUEENS COUNTY,Region of Queens,2021/2022,1.07,2.17
QUEENS COUNTY,Region of Queens,2022/2023,1.04,2.14
QUEENS COUNTY,Region of Queens,2023/2024,1.04,2.14
WEST HANTS,West Hants Regional Municipality,2020/2021,0.4318,0.99
WEST HANTS,West Hants Regional Municipality,2021/2022,0.4798,0.98
WEST HANTS,West Hants Regional Municipality,2022/2023,0.467,0.98
WEST HANTS,West Hants Regional Municipality,2023/2024,0.5314,0.98
WINDSOR,West Hants Regional Municipality,2020/2021,0.4318,0.99
WINDSOR,West Hants Regional Municipality,2021/2022,0.4798,0.98
WINDSOR,West Hants Regional Municipality,2022/2023,0.467,0.98
WINDSOR,West Hants Regional Municipality,2023/2024,0.5314,0.98
HANTSPORT,West Hants Regional Municipality,2020/2021,0.4318,0.99
HANTSPORT,West Hants Regional Municipality,2021/2022,0.4798,0.98
HANTSPORT,West Hants Regional Municipality,2022/2023,0.467,0.98
HANTSPORT,West Hants Regional Municipality,2023/2024,0.5314,0.98
ANNAPOLIS,Rural Municipality,2009/2010,0.98,1.8
ANNAPOLIS,Rural Municipality,2010/2011,0.98,1.8
ANNAPOLIS,Rural Municipality,2011/2012,0.98,1.8
ANNAPOLIS,Rural Municipality,2012/2013,0.98,1.8
ANNAPOLIS,Rural Municipality,2013/2014,0.98,1.8
ANNAPOLIS,Rural Municipality,2014/2015,0.98,1.8
ANNAPOLIS,Rural Municipality,2015/2016,0.98,1.8
ANNAPOLIS,Rural Municipality,2016/2017,0.98,1.8
ANNAPOLIS,Rural Municipality,2017/2018,0.994,1.8
ANNAPOLIS,Rural Municipality,2018/2019,1.015,1.8
ANNAPOLIS,Rural Municipality,2019/2020,1.015,1.8
ANNAPOLIS,Rural Municipality,2020/2021,1.015,1.8
ANNAPOLIS,Rural Municipality,2021/2022,1.025,1.8
ANNAPOLIS,Rural Municipality,2022/2023,1.025,1.8
ANNAPOLIS,Rural Municipality,2023/2024,1.025,1.8
ANTIGONISH,Rural Municipality,2009/2010,0.88,1.48
ANTIGONISH,Rural Municipality,2010/2011,0.88,1.48
ANTIGONISH,Rural Municipality,2011/2012,0.88,1.48
ANTIGONISH,Rural Municipality,2012/2013,0.88,1.48
ANTIGONISH,Rural Municipality,2013/2014,0.88,1.46
ANTIGONISH,Rural Municipality,2014/2015,0.88,1.46
ANTIGONISH,Rural Municipality,2015/2016,0.88,1.46
ANTIGONISH,Rural Municipality,2016/2017,0.88,1.46
ANTIGONISH,Rural Municipality,2017/2018,0.88,1.46
ANTIGONISH,Rural Municipality,2018/2019,0.88,1.46
ANTIGONISH,Rural Municipality,2019/2020,0.88,1.46
ANTIGONISH,Rural Municipality,2020/2021,0.88,1.46
ANTIGONISH,Rural Municipality,2021/2022,0.88,1.44
ANTIGONISH,Rural Municipality,2022/2023,0.88,1.44
ANTIGONISH,Rural Municipality,2023/2024,0.88,1.44
ARGYLE,Rural Municipality,2009/2010,1.07,2.2
ARGYLE,Rural Municipality,2010/2011,1.07,2.25
ARGYLE,Rural Municipality,2011/2012,1.07,2.25
ARGYLE,Rural Municipality,2012/2013,1.07,2.25
ARGYLE,Rural Municipality,2013/2014,1.07,2.25
ARGYLE,Rural Municipality,2014/2015,1.07,2.25
ARGYLE,Rural Municipality,2015/2016,1.07,2.25
ARGYLE,Rural Municipality,2016/2017,1.07,2.25
ARGYLE,Rural Municipality,2017/2018,1.07,2.25
ARGYLE,Rural Municipality,2018/2019,1.07,2.25
ARGYLE,Rural Municipality,2019/2020,1.09,2.27
ARGYLE,Rural Municipality,2020/2021,1.09,2.27
ARGYLE,Rural Municipality,2021/2022,1.11,2.29
ARGYLE,Rural Municipality,2022/2023,1.11,2.29
ARGYLE,Rural Municipality,2023/2024,1.11,2.29
BARRINGTON,Rural Municipality,2009/2010,1.06,2.63
BARRINGTON,Rural Municipality,2010/2011,1.06,2.63
BARRINGTON,Rural Municipality,2011/2012,1.06,2.63
BARRINGTON,Rural Municipality,2012/2013,1.06,2.63
BARRINGTON,Rural Municipality,2013/2014,1.06,2.62
BARRINGTON,Rural Municipality,2014/2015,1,2.55
BARRINGTON,Rural Municipality,2015/2016,1,2.55
BARRINGTON,Rural Municipality,2016/2017,1,2.55
BARRINGTON,Rural Municipality,2017/2018,1.01,2.56
BARRINGTON,Rural Municipality,2018/2019,1.01,2.56
BARRINGTON,Rural Municipality,2019/2020,1.05,2.56
BARRINGTON,Rural Municipality,2020/2021,1.05,2.56
BARRINGTON,Rural Municipality,2021/2022,1.07,2.56
BARRINGTON,Rural Municipality,2022/2023,1.07,2.56
BARRINGTON,Rural Municipality,2023/2024,1.07,2.56
CHESTER,Rural Municipality,2009/2010,0.61,1.51
CHESTER,Rural Municipality,2010/2011,0.63,1.53
CHESTER,Rural Municipality,2011/2012,0.64,1.54
CHESTER,Rural Municipality,2012/2013,0.64,1.54
CHESTER,Rural Municipality,2013/2014,0.66,1.53
CHESTER,Rural Municipality,2014/2015,0.69,1.53
CHESTER,Rural Municipality,2015/2016,0.69,1.53
CHESTER,Rural Municipality,2016/2017,0.69,1.53
CHESTER,Rural Municipality,2017/2018,0.705,1.53
CHESTER,Rural Municipality,2018/2019,0.705,1.53
CHESTER,Rural Municipality,2019/2020,0.705,1.53
CHESTER,Rural Municipality,2020/2021,0.705,1.53
CHESTER,Rural Municipality,2021/2022,0.705,1.53
CHESTER,Rural Municipality,2022/2023,0.705,1.53
CHESTER,Rural Municipality,2023/2024,0.695,1.5
CLARE,Rural Municipality,2009/2010,1.02,1.96
CLARE,Rural Municipality,2010/2011,1.02,2.07
CLARE,Rural Municipality,2011/2012,1.02,2.07
CLARE,Rural Municipality,2012/2013,1.02,2.07
CLARE,Rural Municipality,2013/2014,1.02,2.07
CLARE,Rural Municipality,2014/2015,1.04,2.07
CLARE,Rural Municipality,2015/2016,1.04,2.07
CLARE,Rural Municipality,2016/2017,1.04,2.07
CLARE,Rural Municipality,2017/2018,1.04,2.07
CLARE,Rural Municipality,2018/2019,1.04,2.07
CLARE,Rural Municipality,2019/2020,1.04,2.07
CLARE,Rural Municipality,2020/2021,1.04,2.07
CLARE,Rural Municipality,2021/2022,1.04,2.07
CLARE,Rural Municipality,2022/2023,1.04,2.07
CLARE,Rural Municipality,2023/2024,1.04,2.07
COLCHESTER,Rural Municipality,2009/2010,0.79,2.1
COLCHESTER,Rural Municipality,2010/2011,0.82,2.25
COLCHESTER,Rural Municipality,2011/2012,0.83,2.25
COLCHESTER,Rural Municipality,2012/2013,0.84,2.25
COLCHESTER,Rural Municipality,2013/2014,0.84,2.25
COLCHESTER,Rural Municipality,2014/2015,0.85,2.25
COLCHESTER,Rural Municipality,2015/2016,0.85,2.25
COLCHESTER,Rural Municipality,2016/2017,0.87,2.27
COLCHESTER,Rural Municipality,2017/2018,0.88,2.28
COLCHESTER,Rural Municipality,2018/2019,0.88,2.28
COLCHESTER,Rural Municipality,2019/2020,0.885,2.28
COLCHESTER,Rural Municipality,2020/2021,0.885,2.28
COLCHESTER,Rural Municipality,2021/2022,0.885,2.28
COLCHESTER,Rural Municipality,2022/2023,0.885,2.28
COLCHESTER,Rural Municipality,2023/2024,0.885,2.28
CUMBERLAND,Rural Municipality,2009/2010,1.04,2.47
CUMBERLAND,Rural Municipality,2010/2011,1.04,2.63
CUMBERLAND,Rural Municipality,2011/2012,1.04,2.63
CUMBERLAND,Rural Municipality,2012/2013,1.04,2.63
CUMBERLAND,Rural Municipality,2013/2014,1.04,2.63
CUMBERLAND,Rural Municipality,2014/2015,1.04,2.63
CUMBERLAND,Rural Municipality,2015/2016,1.04,2.63
CUMBERLAND,Rural Municipality,2016/2017,1.04,2.63
CUMBERLAND,Rural Municipality,2017/2018,1.04,2.63
CUMBERLAND,Rural Municipality,2018/2019,1.17,2.76
CUMBERLAND,Rural Municipality,2019/2020,1.19,2.78
CUMBERLAND,Rural Municipality,2020/2021,1.19,2.78
CUMBERLAND,Rural Municipality,2021/2022,1.19,2.78
CUMBERLAND,Rural Municipality,2022/2023,1.17,2.76
CUMBERLAND,Rural Municipality,2023/2024,1.14,2.71
DIGBY,Rural Municipality,2009/2010,1.3,1.85
DIGBY,Rural Municipality,2010/2011,1.3,1.85
DIGBY,Rural Municipality,2011/2012,1.3,1.85
DIGBY,Rural Municipality,2012/2013,1.3,1.85
DIGBY,Rural Municipality,2013/2014,1.3,1.85
DIGBY,Rural Municipality,2014/2015,1.3,1.85
DIGBY,Rural Municipality,2015/2016,1.3,1.85
DIGBY,Rural Municipality,2016/2017,1.3,1.85
DIGBY,Rural Municipality,2017/2018,1.3,1.85
DIGBY,Rural Municipality,2018/2019,1.3,1.85
DIGBY,Rural Municipality,2019/2020,1.3,1.85
DIGBY,Rural Municipality,2020/2021,1.3,1.85
DIGBY,Rural Municipality,2021/2022,1.3,1.85
DIGBY,Rural Municipality,2022/2023,1.3,1.85
DIGBY,Rural Municipality,2023/2024,1.3,1.85
EAST HANTS,Rural Municipality,2009/2010,0.87,2.67
EAST HANTS,Rural Municipality,2010/2011,0.9,2.7
EAST HANTS,Rural Municipality,2011/2012,0.89,2.7
EAST HANTS,Rural Municipality,2012/2013,0.88,2.71
EAST HANTS,Rural Municipality,2013/2014,0.87,2.7
EAST HANTS,Rural Municipality,2014/2015,0.87,2.7
EAST HANTS,Rural Municipality,2015/2016,0.86,2.7
EAST HANTS,Rural Municipality,2016/2017,0.87,2.71
EAST HANTS,Rural Municipality,2017/2018,0.859,2.66
EAST HANTS,Rural Municipality,2018/2019,0.8607,2.61
EAST HANTS,Rural Municipality,2019/2020,0.8527,2.6
EAST HANTS,Rural Municipality,2020/2021,0.8507,2.6
EAST HANTS,Rural Municipality,2021/2022,0.8507,2.6
EAST HANTS,Rural Municipality,2022/2023,0.85,2.6
EAST HANTS,Rural Municipality,2023/2024,0.81,2.57
GUYSBOROUGH,Rural Municipality,2009/2010,0.59,2.35
GUYSBOROUGH,Rural Municipality,2010/2011,0.59,2.56
GUYSBOROUGH,Rural Municipality,2011/2012,0.61,2.58
GUYSBOROUGH,Rural Municipality,2012/2013,0.61,2.58
GUYSBOROUGH,Rural Municipality,2013/2014,0.61,2.58
GUYSBOROUGH,Rural Municipality,2014/2015,0.61,2.58
GUYSBOROUGH,Rural Municipality,2015/2016,0.61,2.58
GUYSBOROUGH,Rural Municipality,2016/2017,0.61,2.58
GUYSBOROUGH,Rural Municipality,2017/2018,0.61,2.58
GUYSBOROUGH,Rural Municipality,2018/2019,0.66,2.63
GUYSBOROUGH,Rural Municipality,2019/2020,0.71,2.68
GUYSBOROUGH,Rural Municipality,2020/2021,0.71,2.68
GUYSBOROUGH,Rural Municipality,2021/2022,0.77,2.74
GUYSBOROUGH,Rural Municipality,2022/2023,0.77,2.74
GUYSBOROUGH,Rural Municipality,2023/2024,0.77,2.74
INVERNESS,Rural Municipality,2009/2010,1.02,1.85
INVERNESS,Rural Municipality,2010/2011,1.02,1.85
INVERNESS,Rural Municipality,2011/2012,1.02,1.85
INVERNESS,Rural Municipality,2012/2013,1.02,1.85
INVERNESS,Rural Municipality,2013/2014,1.02,1.85
INVERNESS,Rural Municipality,2014/2015,1.02,1.85
INVERNESS,Rural Municipality,2015/2016,1.02,1.85
INVERNESS,Rural Municipality,2016/2017,1.02,1.85
INVERNESS,Rural Municipality,2017/2018,1.02,1.85
INVERNESS,Rural Municipality,2018/2019,1.02,1.85
INVERNESS,Rural Municipality,2019/2020,1.05,1.91
INVERNESS,Rural Municipality,2020/2021,1.05,1.91
INVERNESS,Rural Municipality,2021/2022,1.05,1.91
INVERNESS,Rural Municipality,2022/2023,1.05,1.91
INVERNESS,Rural Municipality,2023/2024,1.05,1.91
KINGS,Rural Municipality,2009/2010,0.85,2.16
KINGS,Rural Municipality,2010/2011,0.85,2.29
KINGS,Rural Municipality,2011/2012,0.85,2.29
KINGS,Rural Municipality,2012/2013,0.85,2.29
KINGS,Rural Municipality,2013/2014,0.85,2.29
KINGS,Rural Municipality,2014/2015,0.85,2.29
KINGS,Rural Municipality,2015/2016,0.85,2.29
KINGS,Rural Municipality,2016/2017,0.85,2.29
KINGS,Rural Municipality,2017/2018,0.853,2.287
KINGS,Rural Municipality,2018/2019,0.853,2.287
KINGS,Rural Municipality,2019/2020,0.853,2.287
KINGS,Rural Municipality,2020/2021,0.853,2.287
KINGS,Rural Municipality,2021/2022,0.853,2.287
KINGS,Rural Municipality,2022/2023,0.853,2.287
KINGS,Rural Municipality,2023/2024,0.853,2.287
LUNENBURG,Rural Municipality,2009/2010,0.79,1.92
LUNENBURG,Rural Municipality,2010/2011,0.81,2.06
LUNENBURG,Rural Municipality,2011/2012,0.84,2.08
LUNENBURG,Rural Municipality,2012/2013,0.84,1.98
LUNENBURG,Rural Municipality,2013/2014,0.81,1.96
LUNENBURG,Rural Municipality,2014/2015,0.81,1.96
LUNENBURG,Rural Municipality,2015/2016,0.81,1.96
LUNENBURG,Rural Municipality,2016/2017,0.81,1.96
LUNENBURG,Rural Municipality,2017/2018,0.81,1.957
LUNENBURG,Rural Municipality,2018/2019,0.81,1.957
LUNENBURG,Rural Municipality,2019/2020,0.81,1.957
LUNENBURG,Rural Municipality,2020/2021,0.81,1.957
LUNENBURG,Rural Municipality,2021/2022,0.81,1.957
LUNENBURG,Rural Municipality,2022/2023,0.81,1.957
LUNENBURG,Rural Municipality,2023/2024,0.81,1.957
PICTOU,Rural Municipality,2009/2010,0.81,1.71
PICTOU,Rural Municipality,2010/2011,0.81,1.82
PICTOU,Rural Municipality,2011/2012,0.81,1.82
PICTOU,Rural Municipality,2012/2013,0.81,1.82
PICTOU,Rural Municipality,2013/2014,0.81,1.82
PICTOU,Rural Municipality,2014/2015,0.81,1.82
PICTOU,Rural Municipality,2015/2016,0.81,1.82
PICTOU,Rural Municipality,2016/2017,0.81,1.82
PICTOU,Rural Municipality,2017/2018,0.81,1.82
PICTOU,Rural Municipality,2018/2019,0.81,1.82
PICTOU,Rural Municipality,2019/2020,0.81,1.82
PICTOU,Rural Municipality,2020/2021,0.81,1.82
PICTOU,Rural Municipality,2021/2022,0.8155,1.8255
PICTOU,Rural Municipality,2022/2023,0.815,1.825
PICTOU,Rural Municipality,2023/2024,0.815,1.825
RICHMOND,Rural Municipality,2009/2010,0.72,1.9
RICHMOND,Rural Municipality,2010/2011,0.75,2.01
RICHMOND,Rural Municipality,2011/2012,0.75,2.01
RICHMOND,Rural Municipality,2012/2013,0.75,2.01
RICHMOND,Rural Municipality,2013/2014,0.77,2.07
RICHMOND,Rural Municipality,2014/2015,0.77,2.07
RICHMOND,Rural Municipality,2015/2016,0.78,2.08
RICHMOND,Rural Municipality,2016/2017,0.8,2.1
RICHMOND,Rural Municipality,2017/2018,0.8,2.1
RICHMOND,Rural Municipality,2018/2019,0.8,2.1
RICHMOND,Rural Municipality,2019/2020,0.8,2.1
RICHMOND,Rural Municipality,2020/2021,0.8,2.1
RICHMOND,Rural Municipality,2021/2022,0.81,2.11
RICHMOND,Rural Municipality,2022/2023,0.85,2.15
RICHMOND,Rural Municipality,2023/2024,0.85,2.15
SHELBURNE,Rural Municipality,2009/2010,1.3,1.82
SHELBURNE,Rural Municipality,2010/2011,1.3,1.82
SHELBURNE,Rural Municipality,2011/2012,1.28,1.82
SHELBURNE,Rural Municipality,2012/2013,1.28,1.82
SHELBURNE,Rural Municipality,2013/2014,1.28,1.82
SHELBURNE,Rural Municipality,2014/2015,1.26,1.82
SHELBURNE,Rural Municipality,2015/2016,1.26,1.82
SHELBURNE,Rural Municipality,2016/2017,1.26,1.82
SHELBURNE,Rural Municipality,2017/2018,1.26,1.82
SHELBURNE,Rural Municipality,2018/2019,1.26,1.82
SHELBURNE,Rural Municipality,2019/2020,1.26,1.82
SHELBURNE,Rural Municipality,2020/2021,1.26,1.82
SHELBURNE,Rural Municipality,2021/2022,1.26,1.82
SHELBURNE,Rural Municipality,2022/2023,1.26,1.82
SHELBURNE,Rural Municipality,2023/2024,1.28,1.85
ST. MARY'S,Rural Municipality,2009/2010,0.81,2.12
ST. MARY'S,Rural Municipality,2010/2011,0.84,2.15
ST. MARY'S,Rural Municipality,2011/2012,0.82,2.13
ST. MARY'S,Rural Municipality,2012/2013,0.82,2.13
ST. MARY'S,Rural Municipality,2013/2014,0.82,2.13
ST. MARY'S,Rural Municipality,2014/2015,0.84,2.15
ST. MARY'S,Rural Municipality,2015/2016,0.87,2.18
ST. MARY'S,Rural Municipality,2016/2017,0.89,2.2
ST. MARY'S,Rural Municipality,2017/2018,0.92,2.23
ST. MARY'S,Rural Municipality,2018/2019,0.94,2.25
ST. MARY'S,Rural Municipality,2019/2020,0.95,2.26
ST. MARY'S,Rural Municipality,2020/2021,0.95,2.26
ST. MARY'S,Rural Municipality,2021/2022,0.95,2.26
ST. MARY'S,Rural Municipality,2022/2023,0.95,2.26
ST. MARY'S,Rural Municipality,2023/2024,0.97,2.28
VICTORIA,Rural Municipality,2009/2010,1.22,2.19
VICTORIA,Rural Municipality,2010/2011,1.22,2.19
VICTORIA,Rural Municipality,2011/2012,1.22,2.19
VICTORIA,Rural Municipality,2012/2013,1.2,2.15
VICTORIA,Rural Municipality,2013/2014,1.2,2.1
VICTORIA,Rural Municipality,2014/2015,1.2,2.1
VICTORIA,Rural Municipality,2015/2016,1.2,2.1
VICTORIA,Rural Municipality,2016/2017,1.2,2.1
VICTORIA,Rural Municipality,2017/2018,1.2,2.1
VICTORIA,Rural Municipality,2018/2019,1.22,2.12
VICTORIA,Rural Municipality,2019/2020,1.22,2.12
VICTORIA,Rural Municipality,2020/2021,1.22,2.12
VICTORIA,Rural Municipality,2021/2022,1.22,2.12
VICTORIA,Rural Municipality,2022/2023,1.22,2.12
VICTORIA,Rural Municipality,2023/2024,1.22,2.12
WEST HANTS,Rural Municipality,2009/2010,0.89,1.57
WEST HANTS,Rural Municipality,2010/2011,0.9,1.59
WEST HANTS,Rural Municipality,2011/2012,0.91,1.6
WEST HANTS,Rural Municipality,2012/2013,0.94,1.68
WEST HANTS,Rural Municipality,2013/2014,0.92,1.68
WEST HANTS,Rural Municipality,2014/2015,0.97,1.75
WEST HANTS,Rural Municipality,2015/2016,1.01,1.8
WEST HANTS,Rural Municipality,2016/2017,1.02,1.8
WEST HANTS,Rural Municipality,2017/2018,1.016,1.8
WEST HANTS,Rural Municipality,2018/2019,1.0163,1.8
WEST HANTS,Rural Municipality,2019/2020,1.0323,1.8
YARMOUTH,Rural Municipality,2009/2010,1.15,2.15
YARMOUTH,Rural Municipality,2010/2011,1.15,2.15
YARMOUTH,Rural Municipality,2011/2012,1.15,2.15
YARMOUTH,Rural Municipality,2012/2013,1.15,2.15
YARMOUTH,Rural Municipality,2013/2014,1.15,2.15
YARMOUTH,Rural Municipality,2014/2015,1.16,2.15
YARMOUTH,Rural Municipality,2015/2016,1.16,2.15
YARMOUTH,Rural Municipality,2016/2017,1.16,2.15
YARMOUTH,Rural Municipality,2017/2018,1.16,2.15
YARMOUTH,Rural Municipality,2018/2019,1.17,2.16
YARMOUTH,Rural Municipality,2019/2020,1.18,2.17
YARMOUTH,Rural Municipality,2020/2021,1.18,2.17
YARMOUTH,Rural Municipality,2021/2022,1.18,2.17
YARMOUTH,Rural Municipality,2022/2023,1.18,2.17
YARMOUTH,Rural Municipality,2023/2024,1.18,2.17
AMHERST,Town,2009/2010,1.67,4.31
AMHERST,Town,2010/2011,1.67,4.6
AMHERST,Town,2011/2012,1.67,4.6
AMHERST,Town,2012/2013,1.66,4.55
AMHERST,Town,2013/2014,1.63,4.45
AMHERST,Town,2014/2015,1.63,4.45
AMHERST,Town,2015/2016,1.63,4.45
AMHERST,Town,2016/2017,1.63,4.45
AMHERST,Town,2017/2018,1.63,4.43
AMHERST,Town,2018/2019,1.635,4.435
AMHERST,Town,2019/2020,1.655,4.455
AMHERST,Town,2020/2021,1.655,4.455
AMHERST,Town,2021/2022,1.67,4.47
AMHERST,Town,2022/2023,1.67,4.47
AMHERST,Town,2023/2024,1.67,4.47
ANNAPOLIS ROYAL,Town,2009/2010,1.65,3.05
ANNAPOLIS ROYAL,Town,2010/2011,1.7,3.15
ANNAPOLIS ROYAL,Town,2011/2012,1.7,3.15
ANNAPOLIS ROYAL,Town,2012/2013,1.7,3.15
ANNAPOLIS ROYAL,Town,2013/2014,1.65,3.15
ANNAPOLIS ROYAL,Town,2014/2015,1.65,3.15
ANNAPOLIS ROYAL,Town,2015/2016,1.65,3.15
ANNAPOLIS ROYAL,Town,2016/2017,1.65,3.15
ANNAPOLIS ROYAL,Town,2017/2018,1.65,3.15
ANNAPOLIS ROYAL,Town,2018/2019,1.65,3.15
ANNAPOLIS ROYAL,Town,2019/2020,1.7,3.2
ANNAPOLIS ROYAL,Town,2020/2021,1.7,3.2
ANNAPOLIS ROYAL,Town,2021/2022,1.7,3.2
ANNAPOLIS ROYAL,Town,2022/2023,1.7,3.2
ANNAPOLIS ROYAL,Town,2023/2024,1.7,3.2
ANTIGONISH,Town,2009/2010,0.9,2.36
ANTIGONISH,Town,2010/2011,0.93,2.47
ANTIGONISH,Town,2011/2012,0.97,2.5
ANTIGONISH,Town,2012/2013,1,2.53
ANTIGONISH,Town,2013/2014,1,2.53
ANTIGONISH,Town,2014/2015,1.02,2.55
ANTIGONISH,Town,2015/2016,1.04,2.57
ANTIGONISH,Town,2016/2017,1.06,2.58
ANTIGONISH,Town,2017/2018,1.06,2.58
ANTIGONISH,Town,2018/2019,1.09,2.61
ANTIGONISH,Town,2019/2020,1.09,2.61
ANTIGONISH,Town,2020/2021,1.09,2.61
ANTIGONISH,Town,2021/2022,1.1,2.62
ANTIGONISH,Town,2022/2023,1.11,2.63
ANTIGONISH,Town,2023/2024,1.11,2.63
BERWICK,Town,2009/2010,1.59,3.62
BERWICK,Town,2010/2011,1.61,3.88
BERWICK,Town,2011/2012,1.62,3.91
BERWICK,Town,2012/2013,1.59,3.88
BERWICK,Town,2013/2014,1.51,3.8
BERWICK,Town,2014/2015,1.2,3.49
BERWICK,Town,2015/2016,1.21,3.5
BERWICK,Town,2016/2017,1.199,3.491
BERWICK,Town,2017/2018,1.199,3.491
BERWICK,Town,2018/2019,1.189,3.481
BERWICK,Town,2019/2020,1.189,3.481
BERWICK,Town,2020/2021,1.548,3.84
BERWICK,Town,2021/2022,1.568,3.88
BERWICK,Town,2022/2023,1.588,3.9
BERWICK,Town,2023/2024,1.578,3.89
BRIDGETOWN,Town,2009/2010,1.85,3.63
BRIDGETOWN,Town,2010/2011,1.85,3.63
BRIDGETOWN,Town,2011/2012,2.01,3.79
BRIDGETOWN,Town,2012/2013,2.1,3.9
BRIDGETOWN,Town,2013/2014,2.13,3.93
BRIDGETOWN,Town,2014/2015,2.13,3.93
BRIDGEWATER,Town,2009/2010,1.63,3.72
BRIDGEWATER,Town,2010/2011,1.67,4.06
BRIDGEWATER,Town,2011/2012,1.67,4.06
BRIDGEWATER,Town,2012/2013,1.65,3.99
BRIDGEWATER,Town,2013/2014,1.65,3.99
BRIDGEWATER,Town,2014/2015,1.65,3.99
BRIDGEWATER,Town,2015/2016,1.65,3.99
BRIDGEWATER,Town,2016/2017,1.65,3.99
BRIDGEWATER,Town,2017/2018,1.65,3.97
BRIDGEWATER,Town,2018/2019,1.65,3.97
BRIDGEWATER,Town,2019/2020,1.65,3.97
BRIDGEWATER,Town,2020/2021,1.65,3.97
BRIDGEWATER,Town,2021/2022,1.75,3.97
BRIDGEWATER,Town,2022/2023,1.75,3.97
BRIDGEWATER,Town,2023/2024,1.85,4.07
CANSO,Town,2009/2010,2.35,4.08
CANSO,Town,2010/2011,2.35,4.08
CANSO,Town,2011/2012,2.35,4.08
CANSO,Town,2012/2013,2.35,4.08
CLARK'S HARBOR,Town,2009/2010,1.65,5.14
CLARK'S HARBOR,Town,2010/2011,1.66,5.58
CLARK'S HARBOR,Town,2011/2012,1.65,5.58
CLARK'S HARBOR,Town,2012/2013,1.65,5.58
CLARK'S HARBOR,Town,2013/2014,1.65,5.58
CLARK'S HARBOR,Town,2014/2015,1.65,5.58
CLARK'S HARBOR,Town,2015/2016,1.65,5.58
CLARK'S HARBOR,Town,2016/2017,1.65,5.58
CLARK'S HARBOR,Town,2017/2018,1.65,5.58
CLARK'S HARBOR,Town,2018/2019,1.68,5.58
CLARK'S HARBOR,Town,2019/2020,1.68,5.58
CLARK'S HARBOR,Town,2020/2021,1.68,5.58
CLARK'S HARBOR,Town,2021/2022,1.68,5.58
CLARK'S HARBOUR,Town,2022/2023,1.68,5.58
CLARK'S HARBOUR,Town,2023/2024,1.68,5.58
DIGBY,Town,2009/2010,1.92,3.89
DIGBY,Town,2010/2011,1.92,3.89
DIGBY,Town,2011/2012,1.92,3.89
DIGBY,Town,2012/2013,1.94,3.99
DIGBY,Town,2013/2014,1.99,4.18
DIGBY,Town,2014/2015,1.99,4.18
DIGBY,Town,2015/2016,1.99,4.18
DIGBY,Town,2016/2017,1.99,4.24
DIGBY,Town,2017/2018,1.99,4.24
DIGBY,Town,2018/2019,1.99,4.24
DIGBY,Town,2019/2020,1.86,4.15
DIGBY,Town,2020/2021,1.86,4.15
DIGBY,Town,2021/2022,1.86,4.15
DIGBY,Town,2022/2023,1.86,4.15
DIGBY,Town,2023/2024,1.91,4.2
HANTSPORT,Town,2009/2010,1.63,3.35
HANTSPORT,Town,2010/2011,1.66,3.55
HANTSPORT,Town,2011/2012,1.66,3.69
HANTSPORT,Town,2012/2013,1.69,3.85
HANTSPORT,Town,2013/2014,1.69,3.85
HANTSPORT,Town,2014/2015,1.66,3.82
HANTSPORT,Town,2015/2016,1.66,3.82
KENTVILLE,Town,2009/2010,1.29,3.23
KENTVILLE,Town,2010/2011,1.36,3.46
KENTVILLE,Town,2011/2012,1.36,3.48
KENTVILLE,Town,2012/2013,1.36,3.47
KENTVILLE,Town,2013/2014,1.37,3.38
KENTVILLE,Town,2014/2015,1.38,3.36
KENTVILLE,Town,2015/2016,1.37,3.33
KENTVILLE,Town,2016/2017,1.39,3.33
KENTVILLE,Town,2017/2018,1.387,3.341
KENTVILLE,Town,2018/2019,1.4022,3.3063
KENTVILLE,Town,2019/2020,1.4272,3.3129
KENTVILLE,Town,2020/2021,1.4108,3.285
KENTVILLE,Town,2021/2022,1.4081,3.283
KENTVILLE,Town,2022/2023,1.4262,3.2962
KENTVILLE,Town,2023/2024,1.4262,3.2962
LOCKEPORT,Town,2009/2010,2.21,5.28
LOCKEPORT,Town,2010/2011,2.23,5.31
LOCKEPORT,Town,2011/2012,2.28,5.36
LOCKEPORT,Town,2012/2013,2.28,5.36
LOCKEPORT,Town,2013/2014,2.28,5.36
LOCKEPORT,Town,2014/2015,2.28,5.36
LOCKEPORT,Town,2015/2016,2.31,5.39
LOCKEPORT,Town,2016/2017,2.31,5.39
LOCKEPORT,Town,2017/2018,2.31,5.39
LOCKEPORT,Town,2018/2019,2.36,5.39
LOCKEPORT,Town,2019/2020,2.38,5.41
LOCKEPORT,Town,2020/2021,2.38,5.41
LOCKEPORT,Town,2021/2022,2.38,5.41
LOCKEPORT,Town,2022/2023,2.4,5.41
LOCKEPORT,Town,2023/2024,2.4,5.41
LUNENBURG,Town,2009/2010,1.3,3.3
LUNENBURG,Town,2010/2011,1.3,3.3
LUNENBURG,Town,2011/2012,1.28,3.26
LUNENBURG,Town,2012/2013,1.21,3.19
LUNENBURG,Town,2013/2014,1.28,3.26
LUNENBURG,Town,2014/2015,1.29,3.28
LUNENBURG,Town,2015/2016,1.31,3.28
LUNENBURG,Town,2016/2017,1.31,3.28
LUNENBURG,Town,2017/2018,1.333,3.286
LUNENBURG,Town,2018/2019,1.344,3.32
LUNENBURG,Town,2019/2020,1.351,3.358
LUNENBURG,Town,2020/2021,1.346,3.318
LUNENBURG,Town,2021/2022,1.376,3.318
LUNENBURG,Town,2022/2023,1.376,3.358
LUNENBURG,Town,2023/2024,1.376,3.358
MAHONE BAY,Town,2009/2010,1.18,2.83
MAHONE BAY,Town,2010/2011,1.19,2.94
MAHONE BAY,Town,2011/2012,1.18,2.9
MAHONE BAY,Town,2012/2013,1.15,2.88
MAHONE BAY,Town,2013/2014,1.15,2.91
MAHONE BAY,Town,2014/2015,1.15,2.91
MAHONE BAY,Town,2015/2016,1.11,2.86
MAHONE BAY,Town,2016/2017,1.16,2.95
MAHONE BAY,Town,2017/2018,1.19,2.98
MAHONE BAY,Town,2018/2019,1.23,3.02
MAHONE BAY,Town,2019/2020,1.25,3.16
MAHONE BAY,Town,2020/2021,1.25,3.16
MAHONE BAY,Town,2021/2022,1.282,3.192
MAHONE BAY,Town,2022/2023,1.282,3.222
MAHONE BAY,Town,2023/2024,1.324,3.264
MIDDLETON,Town,2009/2010,1.8,4.17
MIDDLETON,Town,2010/2011,1.8,4.3
MIDDLETON,Town,2011/2012,1.8,4.3
MIDDLETON,Town,2012/2013,1.78,4.26
MIDDLETON,Town,2013/2014,1.78,4.26
MIDDLETON,Town,2014/2015,1.79,4.27
MIDDLETON,Town,2015/2016,1.81,4.29
MIDDLETON,Town,2016/2017,1.82,4.3
MIDDLETON,Town,2017/2018,1.84,4.32
MIDDLETON,Town,2018/2019,1.84,4.32
MIDDLETON,Town,2019/2020,1.77,4.25
MIDDLETON,Town,2020/2021,1.77,4.25
MIDDLETON,Town,2021/2022,1.79,4.27
MIDDLETON,Town,2022/2023,1.81,4.29
MIDDLETON,Town,2023/2024,1.81,4.29
MULGRAVE,Town,2009/2010,1.37,4.5
MULGRAVE,Town,2010/2011,1.27,4.4
MULGRAVE,Town,2011/2012,1.3,4.43
MULGRAVE,Town,2012/2013,1.28,4.42
MULGRAVE,Town,2013/2014,1.29,4.43
MULGRAVE,Town,2014/2015,1.26,4.39
MULGRAVE,Town,2015/2016,1.29,4.42
MULGRAVE,Town,2016/2017,1.24,4.37
MULGRAVE,Town,2017/2018,1.188,4.321
MULGRAVE,Town,2018/2019,1.1786,4.3116
MULGRAVE,Town,2019/2020,1.2375,4.5257
MULGRAVE,Town,2020/2021,1.2375,4.5257
MULGRAVE,Town,2021/2022,1.2375,4.5257
MULGRAVE,Town,2022/2023,1.2375,4.5257
MULGRAVE,Town,2023/2024,1.2375,4.5257
NEW GLASGOW,Town,2009/2010,1.77,4.02
NEW GLASGOW,Town,2010/2011,1.8,4.15
NEW GLASGOW,Town,2011/2012,1.82,4.4
NEW GLASGOW,Town,2012/2013,1.82,4.4
NEW GLASGOW,Town,2013/2014,1.82,4.4
NEW GLASGOW,Town,2014/2015,1.82,4.4
NEW GLASGOW,Town,2015/2016,1.82,4.4
NEW GLASGOW,Town,2016/2017,1.82,4.4
NEW GLASGOW,Town,2017/2018,1.82,4.4
NEW GLASGOW,Town,2018/2019,1.82,4.4
NEW GLASGOW,Town,2019/2020,1.84,4.45
NEW GLASGOW,Town,2020/2021,1.84,4.45
NEW GLASGOW,Town,2021/2022,1.84,4.45
NEW GLASGOW,Town,2022/2023,1.84,4.45
NEW GLASGOW,Town,2023/2024,1.84,4.45
OXFORD,Town,2009/2010,1.56,4.55
OXFORD,Town,2010/2011,1.56,4.95
OXFORD,Town,2011/2012,1.59,4.98
OXFORD,Town,2012/2013,1.59,4.98
OXFORD,Town,2013/2014,1.59,4.98
OXFORD,Town,2014/2015,1.6,4.99
OXFORD,Town,2015/2016,1.59,4.98
OXFORD,Town,2016/2017,1.59,4.98
OXFORD,Town,2017/2018,1.59,3.97
OXFORD,Town,2018/2019,1.62,4.035
OXFORD,Town,2019/2020,1.6874,4.1557
OXFORD,Town,2020/2021,1.6874,4.1557
OXFORD,Town,2021/2022,1.6874,4.1557
OXFORD,Town,2022/2023,1.7874,4.2804
OXFORD,Town,2023/2024,1.7874,4.2804
PARRSBORO,Town,2009/2010,2.04,3.93
PARRSBORO,Town,2010/2011,2.04,4.17
PARRSBORO,Town,2011/2012,2.04,4.17
PARRSBORO,Town,2012/2013,2,4.15
PARRSBORO,Town,2013/2014,1.99,4.13
PARRSBORO,Town,2014/2015,1.8,3.99
PARRSBORO,Town,2015/2016,1.75,3.85
PARRSBORO,Town,2016/2017,1.75,3.85
PICTOU,Town,2009/2010,2.06,4.4
PICTOU,Town,2010/2011,1.99,4.4
PICTOU,Town,2011/2012,1.88,4.4
PICTOU,Town,2012/2013,1.86,4.39
PICTOU,Town,2013/2014,1.86,4.39
PICTOU,Town,2014/2015,1.63,4.33
PICTOU,Town,2015/2016,1.63,4.33
PICTOU,Town,2016/2017,1.64,4.34
PICTOU,Town,2017/2018,1.64,4.34
PICTOU,Town,2018/2019,1.64,4.34
PICTOU,Town,2019/2020,1.64,4.34
PICTOU,Town,2020/2021,1.64,4.34
PICTOU,Town,2021/2022,1.64,4.34
PICTOU,Town,2022/2023,1.69,4.34
PICTOU,Town,2023/2024,1.69,4.34
PORT HAWKESBURY,Town,2009/2010,1.8,4.26
PORT HAWKESBURY,Town,2010/2011,1.78,4.38
PORT HAWKESBURY,Town,2011/2012,1.62,4.25
PORT HAWKESBURY,Town,2012/2013,1.62,4.27
PORT HAWKESBURY,Town,2013/2014,1.78,4.38
PORT HAWKESBURY,Town,2014/2015,1.8,4.38
PORT HAWKESBURY,Town,2015/2016,1.8,4.38
PORT HAWKESBURY,Town,2016/2017,1.8,4.38
PORT HAWKESBURY,Town,2017/2018,1.8,4.38
PORT HAWKESBURY,Town,2018/2019,1.8,4.38
PORT HAWKESBURY,Town,2019/2020,1.58,4.16
PORT HAWKESBURY,Town,2020/2021,1.58,4.16
PORT HAWKESBURY,Town,2021/2022,1.58,4.16
PORT HAWKESBURY,Town,2022/2023,1.58,4.16
PORT HAWKESBURY,Town,2023/2024,1.58,4.16
SHELBURNE,Town,2009/2010,2.04,3.81
SHELBURNE,Town,2010/2011,2.06,3.81
SHELBURNE,Town,2011/2012,2.06,3.81
SHELBURNE,Town,2012/2013,2.06,3.81
SHELBURNE,Town,2013/2014,2.04,3.86
SHELBURNE,Town,2014/2015,2.04,3.86
SHELBURNE,Town,2015/2016,2.04,3.86
SHELBURNE,Town,2016/2017,2.04,3.86
SHELBURNE,Town,2017/2018,2.04,3.86
SHELBURNE,Town,2018/2019,2.04,3.86
SHELBURNE,Town,2019/2020,2.06,3.88
SHELBURNE,Town,2020/2021,2.06,3.88
SHELBURNE,Town,2021/2022,2.06,3.88
SHELBURNE,Town,2022/2023,2.03,3.88
SHELBURNE,Town,2023/2024,2.01,3.88
SPRINGHILL,Town,2009/2010,2.25,5.38
SPRINGHILL,Town,2010/2011,2.25,5.53
SPRINGHILL,Town,2011/2012,2.25,5.53
SPRINGHILL,Town,2012/2013,2.25,5.53
SPRINGHILL,Town,2013/2014,2.25,5.53
SPRINGHILL,Town,2014/2015,2.25,5.53
STELLARTON,Town,2009/2010,1.82,3.55
STELLARTON,Town,2010/2011,1.82,4.15
STELLARTON,Town,2011/2012,1.82,4.15
STELLARTON,Town,2012/2013,1.82,4.15
STELLARTON,Town,2013/2014,1.82,4.15
STELLARTON,Town,2014/2015,1.82,4.15
STELLARTON,Town,2015/2016,1.82,4.15
STELLARTON,Town,2016/2017,1.82,4.15
STELLARTON,Town,2017/2018,1.82,4.15
STELLARTON,Town,2018/2019,1.82,4.15
STELLARTON,Town,2019/2020,1.82,4.15
STELLARTON,Town,2020/2021,1.82,4.15
STELLARTON,Town,2021/2022,1.82,4.15
STELLARTON,Town,2022/2023,1.82,4.15
STELLARTON,Town,2023/2024,1.88,4.3
STEWIACKE,Town,2009/2010,1.7,3.24
STEWIACKE,Town,2010/2011,1.7,3.41
STEWIACKE,Town,2011/2012,1.7,3.41
STEWIACKE,Town,2012/2013,1.7,3.41
STEWIACKE,Town,2013/2014,1.7,3.41
STEWIACKE,Town,2014/2015,1.7,3.41
STEWIACKE,Town,2015/2016,1.67,3.46
STEWIACKE,Town,2016/2017,1.67,3.46
STEWIACKE,Town,2017/2018,1.665,3.46
STEWIACKE,Town,2018/2019,1.665,3.46
STEWIACKE,Town,2019/2020,1.665,3.46
STEWIACKE,Town,2020/2021,1.665,3.46
STEWIACKE,Town,2021/2022,1.665,3.46
STEWIACKE,Town,2022/2023,1.615,3.45
STEWIACKE,Town,2023/2024,1.58,3.45
TRENTON,Town,2009/2010,1.99,5.49
TRENTON,Town,2010/2011,1.99,5.49
TRENTON,Town,2011/2012,1.99,5.49
TRENTON,Town,2012/2013,1.99,5.49
TRENTON,Town,2013/2014,1.99,5.49
TRENTON,Town,2014/2015,1.99,5.49
TRENTON,Town,2015/2016,1.99,5.44
TRENTON,Town,2016/2017,1.99,5.44
TRENTON,Town,2017/2018,1.99,5.44
TRENTON,Town,2018/2019,1.38,3.98
TRENTON,Town,2019/2020,1.62,4.1
TRENTON,Town,2020/2021,1.94,4.1
TRENTON,Town,2021/2022,1.99,4.1
TRENTON,Town,2022/2023,2.04,4.1
TRENTON,Town,2023/2024,2.04,4.1
TRURO,Town,2009/2010,1.73,4.11
TRURO,Town,2010/2011,1.75,4.44
TRURO,Town,2011/2012,1.76,4.44
TRURO,Town,2012/2013,1.76,4.44
TRURO,Town,2013/2014,1.77,4.45
TRURO,Town,2014/2015,1.78,4.46
TRURO,Town,2015/2016,1.8,4.47
TRURO,Town,2016/2017,1.82,4.48
TRURO,Town,2017/2018,1.83,4.48
TRURO,Town,2018/2019,1.83,4.5
TRURO,Town,2019/2020,1.85,4.5
TRURO,Town,2020/2021,1.85,4.5
TRURO,Town,2021/2022,1.9025,4.5425
TRURO,Town,2022/2023,1.9025,4.5475
TRURO,Town,2023/2024,1.9025,4.5475
WESTVILLE,Town,2009/2010,2.13,3.75
WESTVILLE,Town,2010/2011,2.13,3.75
WESTVILLE,Town,2011/2012,2.13,3.8
WESTVILLE,Town,2012/2013,2.09,3.8
WESTVILLE,Town,2013/2014,2.08,3.69
WESTVILLE,Town,2014/2015,2.08,3.69
WESTVILLE,Town,2015/2016,2.08,3.69
WESTVILLE,Town,2016/2017,2.08,3.69
WESTVILLE,Town,2017/2018,2.08,3.69
WESTVILLE,Town,2018/2019,2.08,3.69
WESTVILLE,Town,2019/2020,2.08,3.69
WESTVILLE,Town,2020/2021,2.08,3.69
WESTVILLE,Town,2021/2022,2.08,3.69
WESTVILLE,Town,2022/2023,2.08,3.69
WESTVILLE,Town,2023/2024,2.13,3.95
WINDSOR,Town,2009/2010,1.9,3.9
WINDSOR,Town,2010/2011,1.96,4.08
WINDSOR,Town,2011/2012,1.96,4.08
WINDSOR,Town,2012/2013,1.96,4.08
WINDSOR,Town,2013/2014,1.96,4.08
WINDSOR,Town,2014/2015,1.9,3.99
WINDSOR,Town,2015/2016,1.9,3.99
WINDSOR,Town,2016/2017,1.9,3.99
WINDSOR,Town,2017/2018,1.9,3.99
WINDSOR,Town,2018/2019,1.88,3.95
WINDSOR,Town,2019/2020,1.88,3.95
WOLFVILLE,Town,2009/2010,1.4,3.49
WOLFVILLE,Town,2010/2011,1.43,3.57
WOLFVILLE,Town,2011/2012,1.43,3.55
WOLFVILLE,Town,2012/2013,1.43,3.55
WOLFVILLE,Town,2013/2014,1.43,3.55
WOLFVILLE,Town,2014/2015,1.43,3.55
WOLFVILLE,Town,2015/2016,1.43,3.55
WOLFVILLE,Town,2016/2017,1.44,3.56
WOLFVILLE,Town,2017/2018,1.45,3.56
WOLFVILLE,Town,2018/2019,1.46,3.57
WOLFVILLE,Town,2019/2020,1.465,3.575
WOLFVILLE,Town,2020/2021,1.475,3.585
WOLFVILLE,Town,2021/2022,1.475,3.585
WOLFVILLE,Town,2022/2023,1.4575,3.575
WOLFVILLE,Town,2023/2024,1.475,3.575
YARMOUTH,Town,2009/2010,1.75,4.21
YARMOUTH,Town,2010/2011,1.75,4.52
YARMOUTH,Town,2011/2012,1.75,4.52
YARMOUTH,Town,2012/2013,1.75,4.52
YARMOUTH,Town,2013/2014,1.74,4.51
YARMOUTH,Town,2014/2015,1.74,4.45
YARMOUTH,Town,2015/2016,1.71,4.39
YARMOUTH,Town,2016/2017,1.67,4.31
YARMOUTH,Town,2017/2018,1.64,4.26
YARMOUTH,Town,2018/2019,1.66,4.28
YARMOUTH,Town,2019/2020,1.66,4.28
YARMOUTH,Town,2020/2021,1.66,4.28
YARMOUTH,Town,2021/2022,1.67,4.29
YARMOUTH,Town,2022/2023,1.69,4.31
YARMOUTH,Town,2023/2024,1.69,4.31
